STT,Quan hệ ,Khái niệm 1 ,Điều khoản 1 ,Khái niệm 2 ,Điều khoản 2 ,Quan hệ được quy định tại
1,Bao gồm,Môi trường,"Điều 3, Khoản 1",Thành phần môi trường,"Điều 3, Khoản 3","Điều 3, Khoản 1"
2,Cơ sở để lập,Chiến lược bảo vệ môi trường quốc gia,"Điều 22, Khoản 1",Quy hoạch bảo vệ môi trường quốc gia,"Điều 23, Khoản 1","Điều 22, Khoản 1; Điều 23, Khoản 1"
3,Cơ sở để đánh giá,Ô nhiễm môi trường,"Điều 3, Khoản 12",Quy chuẩn kỹ thuật môi trường,"Điều 3, Khoản 10","Điều 3, Khoản 12; Điều 98, Khoản 2a"
4,Yếu tố cấu thành,Ứng phó với biến đổi khí hậu,"Điều 3, Khoản 32",Giảm nhẹ phát thải khí nhà kính,"Điều 3, Khoản 31","Điều 3, Khoản 32"
5,Mục tiêu đạt được,Xả nước thải/khí thải,"Điều 72, Khoản 2a; Điều 72, Khoản 3",Quy chuẩn kỹ thuật môi trường,"Điều 3, Khoản 10","Điều 72, Khoản 2a, 3"
6,Quan hệ hành chính,Giấy phép môi trường,"Điều 3, Khoản 8",Đăng ký môi trường,"Điều 3, Khoản 9","Điều 39, Khoản 1; Điều 49, Khoản 1"
7,Hậu quả của Sự cố,Sự cố môi trường,"Điều 3, Khoản 14","Ô nhiễm, suy thoái môi trường","Điều 3, Khoản 12 & 13","Điều 3, Khoản 14"
8,Được miễn trừ,Dự án đầu tư công khẩn cấp,"Điều 79, Khoản 2 (tham chiếu)",Đánh giá tác động môi trường (EIA),"Điều 3, Khoản 7","Điều 79, Khoản 2"
9,Căn cứ để cấp,Quyết định phê duyệt kết quả thẩm định ĐTM,"Điều 36, Khoản 1",Giấy phép môi trường,"Điều 3, Khoản 8","Điều 36, Khoản 1; Điều 42, Khoản 1b"
10,Phải có trước khi,Giấy phép môi trường,"Điều 3, Khoản 8",Vận hành thử nghiệm công trình xử lý chất thải,"Điều 3, Khoản 26","Điều 42, Khoản 2a"
11,Phân loại chất thải,Chất thải rắn sinh hoạt,"Điều 75, Khoản 1","Chất thải có khả năng tái sử dụng, tái chế","Điều 75, Khoản 1a","Điều 75, Khoản 1"
12,Phân loại chất thải,Chất thải rắn công nghiệp thông thường,"Điều 81, Khoản 1",Chất thải nguy hại,"Điều 3, Khoản 20","Điều 81, Khoản 3"
13,Chi trả theo,Giá dịch vụ xử lý chất thải rắn sinh hoạt,"Điều 79, Khoản 1",Khối lượng hoặc thể tích chất thải đã được phân loại,"Điều 79, Khoản 1b","Điều 79, Khoản 1b"
14,Nguyên tắc bồi thường,"Tổ chức, cá nhân gây thiệt hại về môi trường","Điều 130, Khoản 2","Thiệt hại do ô nhiễm, suy thoái môi trường","Điều 130, Khoản 1","Điều 130, Khoản 2"
15,Trách nhiệm chứng minh,Hành vi vi phạm pháp luật về môi trường,"Điều 133, Khoản 2",Mối quan hệ nhân quả (với thiệt hại),"Điều 133, Khoán 2","Điều 133, Khoản 2"
16,Kiểm soát nguồn thải,Nguồn thải vào môi trường nước mặt,"Điều 29, Khoản 1",Khả năng chịu tải của môi trường,"Điều 3, Khoản 23","Điều 29, Khoản 2"
17,Thành phần hạ tầng,Hạ tầng kỹ thuật bảo vệ môi trường,"Điều 3, Khoản 24","Hệ thống xử lý chất thải (bao gồm nước thải, khí thải, chất thải rắn, chất thải nguy hại)","Điều 132, Khoản 1a","Điều 3, Khoản 24; Điều 132, Khoản 1"
18,Yêu cầu đối với dự án Nhóm I,Dự án đầu tư Nhóm I,"Điều 28, Khoản 3",Đánh giá sơ bộ tác động môi trường (PEIA),"Điều 3, Khoản 6","Điều 29, Khoản 1"
19,Miễn chi trả,"Chất thải rắn có khả năng tái sử dụng, tái chế","Điều 75, Khoản 1a","Giá dịch vụ thu gom, vận chuyển và xử lý","Điều 79, Khoản 1","Điều 79, Khoản 1c"
20,Cơ chế kinh tế,Hạn ngạch phát thải khí nhà kính,"Điều 3, Khoản 33",Tín chỉ các-bon,"Điều 3, Khoản 35","Điều 139, Khoản 1"
21,Mô hình khuyến khích,Kinh tế tuần hoàn,"Điều 142, Khoản 1","Giảm khai thác nguyên liệu, kéo dài vòng đời sản phẩm, hạn chế chất thải","Điều 142, Khoản 1","Điều 142, Khoản 1; Điều 5, Khoản 11"
22,Cơ sở bắt buộc áp dụng,Tiêu chuẩn môi trường,"Điều 3, Khoản 11",Quy chuẩn kỹ thuật môi trường,"Điều 3, Khoản 10","Điều 103, Khoản 2"
23,Bảo đảm trách nhiệm,Khai thác khoáng sản/Chôn lấp chất thải/Nhập khẩu phế liệu,"Điều 137, Khoản 2",Ký quỹ bảo vệ môi trường,"Điều 137, Khoản 1","Điều 137, Khoản 1, 2"
24,Gây phương hại,Hoạt động bảo vệ môi trường,"Điều 4, Khoản 7","Chủ quyền, an ninh và lợi ích quốc gia","Điều 4, Khoản 7","Điều 4, Khoản 7"
25,Tiền đề hình thành,Khu vực ô nhiễm môi trường đất,"Điều 16, Khoản 1",Ô nhiễm môi trường,"Điều 3, Khoản 12","Điều 16, Khoản 1 (Khu vực ô nhiễm MT đất là đất có chất ô nhiễm vượt mức QCKTMT)"
26,Mục tiêu đánh giá,Kiểm toán môi trường,"Điều 74, Khoản 1",Kiểm soát ô nhiễm,"Điều 3, Khoản 22","Điều 74, Khoản 1 (Kiểm toán MT đánh giá hiệu quả quản lý MT, kiểm soát ô nhiễm)"
27,Loại sự cố,Sự cố chất thải,"Điều 121, Khoản 6",Sự cố môi trường,"Điều 3, Khoản 14","Điều 121, Khoản 6 (Phòng ngừa sự cố môi trường do rò rỉ, tràn đổ, phát tán chất thải)"
28,Trách nhiệm khắc phục,Sự cố môi trường,"Điều 3, Khoản 14",Chi phí ứng phó sự cố môi trường / Phục hồi môi trường,"Điều 128, K. 1; Điều 126","Điều 128, Khoản 1 (Tổ chức, cá nhân gây ra SCMT có trách nhiệm chi trả kịp thời, toàn bộ các chi phí tổ chức ứng phó SCMT, phục hồi môi trường)"
29,Thành phần thiệt hại,"Thiệt hại do ô nhiễm, suy thoái môi trường","Điều 130, Khoản 1","Suy giảm chức năng, tính hữu ích của môi trường","Điều 130, Khoản 1a","Điều 130, Khoản 1 (Thiệt hại do ô nhiễm, suy thoái MT bao gồm: Suy giảm chức năng, tính hữu ích của môi trường)"
30,Mục đích sử dụng,Chi trả dịch vụ hệ sinh thái tự nhiên,"Điều 138, Khoản 1","Bảo vệ, duy trì và phát triển hệ sinh thái tự nhiên","Điều 138, K. 1; Điều 147, K. 2","Điều 138, Khoản 1 (Sử dụng dịch vụ HSTT trả tiền... để bảo vệ, duy trì và phát triển HSTT)"
31,Cấu thành thị trường,Thị trường các-bon trong nước,"Điều 139, Khoản 1",Hạn ngạch phát thải khí nhà kính / Tín chỉ các-bon,"Điều 3, K. 33; Điều 3, K. 35","Điều 139, Khoản 1 (Thị trường các-bon gồm các hoạt động trao đổi hạn ngạch phát thải KNK và tín chỉ các-bon)"
32,Căn cứ ban hành,Quy chuẩn kỹ thuật môi trường địa phương,"Điều 102, K. 5",Quy chuẩn kỹ thuật môi trường quốc gia,"Điều 102, K. 2","Điều 102, Khoản 5 (QCKTMT địa phương ban hành trong thời hạn tối đa là 02 năm kể từ ngày ban hành QCKTMT quốc gia)"
33,Công cụ tài chính,Tín dụng xanh,"Điều 149, Khoản 1",Ứng phó với biến đổi khí hậu / Quản lý chất thải,"Điều 3, K. 32; Điều 72","Điều 149, Khoản 1 (Tín dụng xanh là tín dụng được cấp cho dự án đầu tư... ứng phó với biến đổi khí hậu; quản lý chất thải)"
34,Công cụ tài chính,Trái phiếu xanh,"Điều 150, Khoản 1",Dự án đầu tư mang lại lợi ích về môi trường,"Điều 150, Khoản 1","Điều 150, Khoản 1 (Trái phiếu xanh... huy động vốn cho... dự án đầu tư mang lại lợi ích về môi trường)"
35,Điều kiện để trở thành,"Sản phẩm, dịch vụ thân thiện môi trường","Điều 145, Khoản 1",Nhãn sinh thái Việt Nam,"Điều 145, Khoản 2","Điều 145, Khoản 2 (Nhãn sinh thái Việt Nam là nhãn được cơ quan thẩm quyền... chứng nhận cho sản phẩm, dịch vụ thân thiện môi trường)"
36,Đối tượng được ưu tiên,Mua sắm xanh,"Điều 146, Khoản 1","Sản phẩm, dịch vụ thân thiện môi trường","Điều 145, Khoản 1","Điều 146, Khoản 1 (Mua sắm xanh là việc mua sắm các sản phẩm, dịch vụ thân thiện môi trường)"
37,Nguồn cung cấp,Công nghiệp môi trường,"Điều 143, Khoản 1","Công nghệ, thiết bị và sản phẩm phục vụ BVMT","Điều 143, K. 1; Điều 145, K. 1","Điều 143, Khoản 1 (Công nghiệp môi trường cung cấp công nghệ, thiết bị và sản phẩm phục vụ yêu cầu về bảo vệ môi trường)"
38,Thành phần cấu tạo,Vốn tự nhiên,"Điều 147, Khoản 1",Dịch vụ hệ sinh thái tự nhiên,"Điều 138, Khoản 2","Điều 147, Khoản 1 (Vốn tự nhiên là các nguồn tài nguyên thiên nhiên... và các dịch vụ hệ sinh thái tự nhiên)"
39,Nơi nhận ký quỹ,Ký quỹ bảo vệ môi trường,"Điều 137, Khoản 1","Quỹ Bảo vệ môi trường Việt Nam, quỹ bảo vệ môi trường cấp tỉnh","Điều 151, Khoản 1","Điều 137, Khoản 4 (Thực hiện ký quỹ tại Quỹ bảo vệ môi trường Việt Nam hoặc quỹ bảo vệ môi trường cấp tỉnh)"
40,Mục đích sử dụng quỹ,"Quỹ Bảo vệ môi trường Việt Nam, quỹ bảo vệ môi trường cấp tỉnh","Điều 151, Khoản 1",Hoạt động bảo vệ môi trường,"Điều 3, K. 2","Điều 151, Khoản 1 (Quỹ BVMT... thành lập... để cho vay ưu đãi, nhận ký quỹ, tài trợ, hỗ trợ, đóng góp tài chính đầu tư cho hoạt động bảo vệ môi trường)"
41,Đối tượng bắt buộc,"Tổ chức/cá nhân sản xuất/nhập khẩu sản phẩm, bao bì có giá trị tái chế","Điều 54, K. 1",Tái chế,"Điều 54, K. 2","Điều 54, Khoản 1 (Tổ chức, cá nhân sản xuất, nhập khẩu sản phẩm, bao bì có giá trị tái chế phải thực hiện tái chế theo tỷ lệ và quy cách tái chế bắt buộc)"
42,Mục đích ứng dụng,Kỹ thuật hiện có tốt nhất,"Điều 3, K. 36","Phòng ngừa, kiểm soát ô nhiễm","Điều 3, K. 22","Điều 3, Khoản 36 (Kỹ thuật hiện có tốt nhất... hiệu quả trong phòng ngừa, kiểm soát ô nhiễm)"
43,Điều kiện hoạt động,Cơ sở xử lý Chất thải nguy hại,"Điều 84, K. 3d",Giấy phép môi trường,"Điều 3, K. 8","Điều 84, Khoản 3d (Cơ sở thực hiện dịch vụ xử lý CTNH phải có giấy phép môi trường)"
44,Được khuyến khích,Đồng xử lý chất thải,"Điều 3, K. 21",Xử lý chất thải rắn sinh hoạt / Xử lý chất thải nguy hại,"Điều 78, K. 1; Điều 84, K. 2","Điều 78, Khoản 1; Điều 84, Khoản 2, (Nhà nước khuyến khích đồng xử lý chất thải rắn sinh hoạt/chất thải nguy hại)"
45,Phạm vi chịu tác động,Di sản thiên nhiên,"Điều 20, K. 1",Đánh giá tác động môi trường (ĐTM),"Điều 3, K. 7","Điều 82, K. 1đ (Nội dung ĐTM... tác động đến đa dạng sinh học, di sản thiên nhiên, di tích lịch sử-văn hóa và yếu tố nhạy cảm khác)"
46,Cơ sở dữ liệu,Thông tin về môi trường,"Điều 114, K. 1","Hệ thống thông tin, cơ sở dữ liệu môi trường","Điều 115, K. 2","Điều 115, Khoản 2a (Cơ sở dữ liệu môi trường là tập hợp thông tin về môi trường được xây dựng, cập nhật...)"
47,Điều kiện áp dụng,Dự án đầu tư công khẩn cấp,"Điều 30, K. 2; Điều 39, K. 3",Giấy phép môi trường,"Điều 3, K. 8","Điều 39, Khoản 3 (Đối tượng thuộc trường hợp dự án đầu tư công khẩn cấp... được miễn giấy phép môi trường)"48,Bao gồm,Hệ thống quan trắc môi trường,"Điều 107, Khoản 1",Quan trắc môi trường quốc gia,"Điều 107, Khoản 1a","Điều 107, Khoản 1"
49,Bao gồm,Hệ thống quan trắc môi trường,"Điều 107, Khoản 1",Quan trắc môi trường cấp tỉnh,"Điều 107, Khoản 1b","Điều 107, Khoản 1"
50,Bao gồm,Thông tin về môi trường,"Điều 114, Khoản 1",Thông tin về chất ô nhiễm/chất thải,"Điều 114, Khoản 1a, 1b","Điều 114, Khoản 1"
51,Tập hợp từ,Cơ sở dữ liệu môi trường,"Điều 115, Khoản 2",Thông tin về môi trường,Điều 114,"Điều 115, Khoản 2"
52,Đo lường,Chỉ tiêu thống kê về môi trường,"Điều 117, Khoản 1",Hoạt động bảo vệ môi trường,"Điều 3, Khoản 2","Điều 117, Khoản 1"
